<?xml version="1.0"?>
<configuration>
    <property name="logPattern" value="%d{HH:mm:ss.SSS} %-5level %C{0}.%M (%line\) - %msg%n%rEx"/>

    <appender name="STDOUT" class="ch.qos.logback.core.ConsoleAppender">
        <target>System.out</target>
        <encoder>
            <pattern>${logPattern}</pattern>
        </encoder>
    </appender>

    <appender name="FILE" class="ch.qos.logback.core.FileAppender">
        <file>logs/exercise-output.log</file>
        <append>false</append>
        <!-- set immediateFlush to false for much higher logging throughput -->
        <immediateFlush>true</immediateFlush>
        <encoder>
            <pattern>%d{HH:mm:ss.SSS} [%thread] %-5level %logger{35} - %msg%n</pattern>
        </encoder>
    </appender>

    <root level="TRACE">
        <appender-ref ref="STDOUT"/>
        <appender-ref ref="FILE"/>
    </root>
</configuration>
